title,company,location,link
Python Programmer,Rangam Consultants Inc.,"Beaverton, OR",https://www.indeed.com/viewjob?jk=295bee975cc14ed7&from=web&vjs=3
Python Engineer,Avant,+2 locationsRemote,https://www.indeed.com/viewjob?jk=b15ad10b3a73f193&from=web&vjs=3
Python/SQL Programmer -REMOTE,Business Focus Inc.,"Providence, RI 02908 (Smith Hill area)•Remote",https://www.indeed.com/viewjob?jk=175a17e12262da26&from=web&vjs=3
"Design Verification Engineer, University Graduate",Google,"Austin, TX (Downtown area)+2 locations",https://www.indeed.com/viewjob?jk=897e379dfdfb724d&from=web&vjs=3
Django- Python Developer,IBL Education,"New York, NY•Remote",https://www.indeed.com/viewjob?jk=5d76133b5de6fece&from=web&vjs=3
IT Jobs On W2 Positions,"TechIntelli Solutions, Inc.","Nevada City, CA+4 locations•Remote",https://www.indeed.com/viewjob?jk=f7421174fc085ee8&from=web&vjs=3
"UX Engineer, Front End, Early Career",Google,"San Francisco, CA+3 locations",https://www.indeed.com/viewjob?jk=bce1cc9db3680333&from=web&vjs=3
Junior Python Developer,N9 IT SOLUTIONS,Remote,https://www.indeed.com/viewjob?jk=02dfb10f492ea56b&from=web&vjs=3
Data Science Fellow - QuantumBlack - University Students,McKinsey & Company,"Boston, MA 02116 (Back Bay area)+9 locations",https://www.indeed.com/viewjob?jk=db307334cb7c8761&from=web&vjs=3
Software Engineer Apprentice,IBM,"San Jose, CA 95101 (North Valley area)+16 locations",https://www.indeed.com/viewjob?jk=ae2fb301edd0c94b&from=web&vjs=3
Python Developer,Boston Technology,"Boston, MA",https://www.indeed.com/viewjob?jk=826d47962dafc9b3&from=web&vjs=3
Python Developer,Infinizi IT Solutions Pvt. Ltd.,"Dallas, TX+1 location•Remote",https://www.indeed.com/viewjob?jk=520dcf4833d2f53c&from=web&vjs=3
Quantitative Researcher,Orsus Research,"New York, NY 10022 (Midtown area)•Temporarily Remote",https://www.indeed.com/viewjob?jk=e3dca83fa83924b4&from=web&vjs=3
Python Developer (Work from Home),GQR,"Home, KS•Remote",https://www.indeed.com/viewjob?jk=d42d9b8facf6f037&from=web&vjs=3
"Language Data Researcher, Alexa Shopping",Amazon.com Services LLC,"Seattle, WA+3 locations",https://www.indeed.com/viewjob?jk=645d42b5efaf7f83&from=web&vjs=3
Junior Python Developer,GTS,"New York, NY 10022 (Midtown area)",https://www.indeed.com/viewjob?jk=71acc67a281f6038&from=web&vjs=3
Junior Data Scientist Apprentice,IBM,"San Jose, CA 95101 (North Valley area)",https://www.indeed.com/viewjob?jk=b8af7c59960f3738&from=web&vjs=3
Data Scientist,Aignyte,Remote,https://www.indeed.com/viewjob?jk=75b7a064aa212bda&from=web&vjs=3
Python Developer,Winwire Technologies,"Mountain View, CA",https://www.indeed.com/viewjob?jk=3491c801389467a9&from=web&vjs=3
Entry level Python Developer,Cyber Wave LLC,Remote,https://www.indeed.com/viewjob?jk=ba6706bafd034a75&from=web&vjs=3
Manual Tester,Gridiron IT,Remote,https://www.indeed.com/viewjob?jk=0f69745110cf6dc0&from=web&vjs=3
Python Engineer/Developer (Remote),Impact CFO Services,"Forest Grove, OR 97116•Remote",https://www.indeed.com/viewjob?jk=ff0acb96262c5d1a&from=web&vjs=3
Game Designer,Microsoft,"Redmond, WA 98052 (Overlake area)",https://www.indeed.com/viewjob?jk=aaed53f15fec23d2&from=web&vjs=3
Staff Software Engineer,Slack,"San Francisco, CA+6 locations",https://www.indeed.com/viewjob?jk=56f010d00c58ad65&from=web&vjs=3
Data Analyst - Tiktok Ads,TikTok,"Seattle, WA+10 locations",https://www.indeed.com/viewjob?jk=ea2bf81d89f746f0&from=web&vjs=3
Data Scientist,"GSSA, LLC",Remote work available,https://www.indeed.com/viewjob?jk=11871bdf669d4854&from=web&vjs=3
Python Engineer III,Nexintech Inc,"Menlo Park, CA",https://www.indeed.com/viewjob?jk=f3762d56abf34616&from=web&vjs=3
University Grad Software Engineer (USA),Pinterest,"Seattle, WA 98101 (Denny Triangle area)+6 locations",https://www.indeed.com/viewjob?jk=88cfddd4b66f1eb6&from=web&vjs=3
Big Data Engineer,SHEIN Distribution Corporation,Remote,https://www.indeed.com/viewjob?jk=025375065c56865a&from=web&vjs=3
Database Engineer (Early Career),Apple,"Austin, TX+4 locations",https://www.indeed.com/viewjob?jk=d67af5228d9b70ed&from=web&vjs=3
Facebook University - Analytics - Data Engineering,Facebook App,"Menlo Park, CA+76 locations",https://www.indeed.com/viewjob?jk=731f58f3f14e8ed7&from=web&vjs=3
Online Coding Teacher for Scratch & Python ( Only USA ),YoumeCan Education,+2 locationsRemote,https://www.indeed.com/viewjob?jk=1938ac30f50fd09d&from=web&vjs=3
Python Engineer/Developer (Remote),"Impact Recruiting, LLC","Forest Grove, OR 97116•Remote",https://www.indeed.com/viewjob?jk=6099fca6314e88f2&from=web&vjs=3
Data Scientist,Prolego,Georgia•Remote,https://www.indeed.com/viewjob?jk=f869a5265a21d738&from=web&vjs=3
Python Developer,Ascyndent,+1 locationRemote,https://www.indeed.com/viewjob?jk=a614567aba353c82&from=web&vjs=3
3D Character Modeler- Marvel Studios Animation,Marvel Studios,"Burbank, CA",https://www.indeed.com/viewjob?jk=316134078595163d&from=web&vjs=3
Python Developer,betterfuture solutions,"Mountain View, CA",https://www.indeed.com/viewjob?jk=224df2193e369785&from=web&vjs=3
Python Scripting-Developer,Wipro Limited,"Mountain View, CA 94043+1 location",https://www.indeed.com/viewjob?jk=ba5e9b50414ea5f8&from=web&vjs=3
Zinc Python Developer,Bank of America,"New York, NY+6 locations",https://www.indeed.com/viewjob?jk=74439abd2fbb6422&from=web&vjs=3
Data Engineer - Web Scraper (Remote),The Dyrt,"Portland, OR•Remote",https://www.indeed.com/viewjob?jk=63d6b2d677158137&from=web&vjs=3
Backend Engineer (Python/Django + AWS) Latam TZ,Deel,"Mexico, MO+3 locations",https://www.indeed.com/viewjob?jk=8a5ff3732d256b2d&from=web&vjs=3
Research Analyst (Remote),Shoener Environmental,"Oakland, CA•Remote",https://www.indeed.com/viewjob?jk=d3e76cd0df1872f2&from=web&vjs=3
Python Developer,Three Ships,"Raleigh, NC•Remote",https://www.indeed.com/viewjob?jk=6659c3569e2dfcac&from=web&vjs=3
"Python Developer, SQL and AWS",Ameliom LLC,Remote,https://www.indeed.com/viewjob?jk=b607a7d9f366daa2&from=web&vjs=3
Python Developer,Flygend Technologies LLC,"New York, NY+1 location•Temporarily Remote",https://www.indeed.com/viewjob?jk=688a72888971164f&from=web&vjs=3
Software Engineer (Remote),GapJumpers,"San Francisco, CA•Remote",https://www.indeed.com/viewjob?jk=baaa8a0c1f573f17&from=web&vjs=3
Python Software Engineer,"JPMorgan Chase Bank, N.A.","Houston, TX+30 locations",https://www.indeed.com/viewjob?jk=27a3987d9beec038&from=web&vjs=3
Data Scientist - Entry Level,JPL/NASA,"Pasadena, CA 91109+2 locations",https://www.indeed.com/viewjob?jk=7f8378ef282e99d6&from=web&vjs=3
Product Operations Associate,Indeed,Remote,https://www.indeed.com/viewjob?jk=fd3b55233d97b4d4&from=web&vjs=3
Python developer - backend,Invown Corp,"New Haven, CT•Remote",https://www.indeed.com/viewjob?jk=5bfe80a3abb87e68&from=web&vjs=3
Product Operations Associate,Indeed,Remote,https://www.indeed.com/viewjob?jk=fd3b55233d97b4d4&from=web&vjs=3
Python developer - backend,Invown Corp,"New Haven, CT•Remote",https://www.indeed.com/viewjob?jk=5bfe80a3abb87e68&from=web&vjs=3
Python Developer,Gridiron IT,Remote,https://www.indeed.com/viewjob?jk=94ae7d6d4f3e18fd&from=web&vjs=3
Software Engineer - Entry Level,Ford Motor Company,"Allen Park, MI+8 locations",https://www.indeed.com/viewjob?jk=7f360ce1c12c3a62&from=web&vjs=3
"Data Engineer - Spark, Python, AWS",FlexIT Inc,"Beaverton, OR 97005 (Central Beaverton area)+4 locations",https://www.indeed.com/viewjob?jk=cc23febeed3cc8ee&from=web&vjs=3
Cloud Infrastructure Engineer,Quick Quack Car Wash,Remote,https://www.indeed.com/viewjob?jk=0fb800b3ef55dfc9&from=web&vjs=3
Front End Engineer,"LongPath Technologies, Inc.","Boulder, CO 80301•Remote",https://www.indeed.com/viewjob?jk=42636fb667557431&from=web&vjs=3
"Data Scientist, Game Analytics & Strategy",the NBA,"New York, NY 10022 (Midtown area)",https://www.indeed.com/viewjob?jk=ecfd94ad120e8423&from=web&vjs=3
Backend Django Developer,Ippsys LLC,Remote,https://www.indeed.com/viewjob?jk=f5c5c8e1d041e415&from=web&vjs=3
Senior Python Developer :: Full time :: 100% Remote :: Any V...,DBAce Tech LLC,"Santa Clara, CA+1 location•Remote",https://www.indeed.com/viewjob?jk=065437952975dca5&from=web&vjs=3
PSG Rotation Program,Intel,"San Jose, CA 95125 (Willow Glen area)",https://www.indeed.com/viewjob?jk=ae2170d3ae420f74&from=web&vjs=3
Network Security Engineer,Google,"Reston, VA (Sunset Hills area)•Remote work available",https://www.indeed.com/viewjob?jk=292f5407a9e4adc4&from=web&vjs=3
Sr. Python Developer,Vizva Tech solutions LLC,"Mountain View, CA",https://www.indeed.com/viewjob?jk=8479db51a7a09c26&from=web&vjs=3
Python Developer,Sedna,"Newark, DE•Remote",https://www.indeed.com/viewjob?jk=ee038c70c7086a06&from=web&vjs=3
Customer Success US,Levity,New York State•Remote,https://www.indeed.com/viewjob?jk=c52645e01276dafe&from=web&vjs=3
"Data Scientist, Marketing Analytics",Tinder,Remote,https://www.indeed.com/viewjob?jk=8041a91ec93554bc&from=web&vjs=3
"Software Developer, Junior",Booz Allen Hamilton,"Charleston, SC+39 locations•Remote",https://www.indeed.com/viewjob?jk=ccd5f1844283b885&from=web&vjs=3
Data Scientist,"Growers Edge Financial, Inc.","Johnston, IA 50131•Remote",https://www.indeed.com/viewjob?jk=b106f56e6c93f180&from=web&vjs=3
Scrum Master,Bitt Inc.,Utah•Remote,https://www.indeed.com/viewjob?jk=07b802fde0b6ca32&from=web&vjs=3
Python Developer,Advithri Technologies,"New York, NY•Temporarily Remote",https://www.indeed.com/viewjob?jk=d605b68ac7e6d40b&from=web&vjs=3
Data Scientist or Bioinformatician,UT Southwestern Medical Center,Remote,https://www.indeed.com/viewjob?jk=1631f4b9feabfec6&from=web&vjs=3
Jr. Crawl Engineer / Web Developer (Remote),Hanzo,"Portland, OR 97204+1 location•Remote",https://www.indeed.com/viewjob?jk=a9127e4175b9b10b&from=web&vjs=3
Python Developer (On-Site),TSN Partners,"San Diego, CA 92127+1 location",https://www.indeed.com/viewjob?jk=17d9af90147102dc&from=web&vjs=3
Data Analysis and Visualization Specialist,TikTok,"Los Angeles, CA+1 location",https://www.indeed.com/viewjob?jk=d6d55830ff085386&from=web&vjs=3
"Data Operations Analyst, Fraud Intelligence",Human Security,"New York, NY+1 location•Remote",https://www.indeed.com/viewjob?jk=3682e71e34444d08&from=web&vjs=3
Risk Analyst,TikTok,"Austin, TX 78745+1 location",https://www.indeed.com/viewjob?jk=9c1bbd012d8d85cc&from=web&vjs=3
Data Scientist,"Rocket Travel, Inc.",New York State•Remote,https://www.indeed.com/viewjob?jk=144c80387b799266&from=web&vjs=3
Python Engineer 3,PartnerCubed,"Menlo Park, CA",https://www.indeed.com/viewjob?jk=d0e855aac2df4907&from=web&vjs=3
Junior Coding/Robotics Instructor-Part Time(US Residents onl...,Code Hero Academy,Remote,https://www.indeed.com/viewjob?jk=441c767090d414d4&from=web&vjs=3
Data & Applied Scientist,Microsoft,"Houston, TX+25 locations",https://www.indeed.com/viewjob?jk=430377c5f112cb30&from=web&vjs=3
Climate and Energy Research Analyst - Remote,Global Energy Monitor,"San Francisco, CA 94110 (Mission area)•Remote",https://www.indeed.com/viewjob?jk=d64a19dd13b3fb42&from=web&vjs=3
DevOps Engineer - Python,Springhead Technologies,Remote,https://www.indeed.com/viewjob?jk=07aaa8bee19407dc&from=web&vjs=3
Entry Level - Associate Consultant,IBM,"Research Triangle Park, NC 27709+6 locations",https://www.indeed.com/viewjob?jk=bb28e0a8d753c5fb&from=web&vjs=3
Software Engineer 1,Microsoft,"Atlanta, GA+24 locations",https://www.indeed.com/viewjob?jk=5734e8b59df38796&from=web&vjs=3
Data Scientist with data visualization-matplotlib & Python E...,Raditech LLC,Remote,https://www.indeed.com/viewjob?jk=42aa658265f0de3f&from=web&vjs=3
DATA ENGINEER - PYTHON,InspiHER Tech,Remote,https://www.indeed.com/viewjob?jk=3eb413ec2cc83e4c&from=web&vjs=3
Python Developer with Automation experience,NexWave Talent Management Solutions Pvt Ltd.,"Mountain View, CA",https://www.indeed.com/viewjob?jk=943cb4a98e55c106&from=web&vjs=3
Software Engineer,Red Hat Software,"Raleigh, NC 27601+5 locations•Remote",https://www.indeed.com/viewjob?jk=10644ee0be852138&from=web&vjs=3
Python Developer,Adifice Technologies,"Illinois City, IL+1 location•Remote",https://www.indeed.com/viewjob?jk=1e0ed0c7ad94657e&from=web&vjs=3
Python Developer,Akraya Inc.,+3 locationsRemote,https://www.indeed.com/viewjob?jk=d3d3150fc0bd234c&from=web&vjs=3
EMI/EMC Technician,Tesla,"Palo Alto, CA 94304",https://www.indeed.com/viewjob?jk=8d1e81703a2e6fa4&from=web&vjs=3
Software Engineer - Channel Moderation,"Twitch Interactive, Inc.","San Francisco, CA+126 locations",https://www.indeed.com/viewjob?jk=6b690ee47c07d972&from=web&vjs=3
"Staff Software Engineer, YouTube",YouTube,"Mountain View, CA•Remote work available",https://www.indeed.com/viewjob?jk=28fd6d716d6dfa8e&from=web&vjs=3
"Senior Software Engineer, Augmented Reality, Machine Learnin...",Google,"Mountain View, CA+27 locations•Remote work available",https://www.indeed.com/viewjob?jk=df69b65a560ef3b8&from=web&vjs=3
Software Engineer - Entry to Experienced Level,National Security Agency,"San Antonio, TX",https://www.indeed.com/viewjob?jk=f9edd83e708d59f6&from=web&vjs=3
"Frontend Engineer, University Graduate - 2022 Start",TikTok,"San Francisco, CA+5 locations",https://www.indeed.com/viewjob?jk=5649d6ff6ae4a763&from=web&vjs=3
DevOps Engineer,Rangam Consultants Inc.,"Hillsboro, OR 97124+1 location•Temporarily Remote",https://www.indeed.com/viewjob?jk=1124ea48cefd4043&from=web&vjs=3
Security Analyst - Remote,NDK,"Morrisville, NC 27560 (Perimeter Park area)+2 locations•Remote",https://www.indeed.com/viewjob?jk=daa60e27c167ce96&from=web&vjs=3
Manual Tester,Quadrant Resource,"San Jose, CA 95125 (Fairgrounds area)",https://www.indeed.com/viewjob?jk=2896d0d9a97e905a&from=web&vjs=3
"Software Engineer, University Grad",Facebook App,"Seattle, WA+44 locations",https://www.indeed.com/viewjob?jk=e5af6c72310a1b0d&from=web&vjs=3
Security Analyst - Remote,NDK,"Morrisville, NC 27560 (Perimeter Park area)+2 locations•Remote",https://www.indeed.com/viewjob?jk=daa60e27c167ce96&from=web&vjs=3
Manual Tester,Quadrant Resource,"San Jose, CA 95125 (Fairgrounds area)",https://www.indeed.com/viewjob?jk=2896d0d9a97e905a&from=web&vjs=3
"Software Engineer, University Grad",Facebook App,"Seattle, WA+44 locations",https://www.indeed.com/viewjob?jk=e5af6c72310a1b0d&from=web&vjs=3
Data Science Engineer,FlexIT Inc,"Beaverton, OR 97005 (Central Beaverton area)",https://www.indeed.com/viewjob?jk=7ed33d932ab92e43&from=web&vjs=3
Sr. Python Developer,Moorecroft Systems,"Chicago, IL+2 locations•Remote",https://www.indeed.com/viewjob?jk=e2f522de0ddbdf5f&from=web&vjs=3
Chief of Staff,PostEra,Remote,https://www.indeed.com/viewjob?jk=a852c0af229474d3&from=web&vjs=3
PYTHON DEVELOPER,Pythonwise,"Seattle, WA",https://www.indeed.com/viewjob?jk=1a20a1c56fb7df73&from=web&vjs=3
Data Analyst,AirGarage,Remote,https://www.indeed.com/viewjob?jk=3ca10218e19a6a09&from=web&vjs=3
"Security Engineer, Certificate Authority",Google,"New York, NY (Chelsea area)+5 locations",https://www.indeed.com/viewjob?jk=3cd61b937adfa9b0&from=web&vjs=3
UI Designer/Developer with Python,ST Global,"San Jose, CA•Remote",https://www.indeed.com/viewjob?jk=dc08da48732a78e1&from=web&vjs=3
Back-end (Python) Developer Position,DevelopmentNow,"Portland, OR•Remote",https://www.indeed.com/viewjob?jk=eb80df5ae45517f6&from=web&vjs=3
Entry Level Data Engineer,N9 IT SOLUTIONS,"Ellicott City, MD",https://www.indeed.com/viewjob?jk=7ec6ef810ceaa744&from=web&vjs=3
Data Engineer - Python/SQL (Remote during Covid),Thompson Technologies,"Fremont, CA•Temporarily Remote",https://www.indeed.com/viewjob?jk=d7d3c1b40971321a&from=web&vjs=3
Amazon Connect,BigData Dimension,Remote,https://www.indeed.com/viewjob?jk=0be029df7adc6a2b&from=web&vjs=3
Senior Data Scientist with Python,PROIT,"San Antonio, TX",https://www.indeed.com/viewjob?jk=8fabdd6471f874dc&from=web&vjs=3
"People Research Scientist - Mountain View, CA",TikTok,"Mountain View, CA 94041 (Old Mountain View area)+13 locations",https://www.indeed.com/viewjob?jk=48b5a73a2ee2ad24&from=web&vjs=3
Junior Applications Programmer,Activision,"Austin, TX",https://www.indeed.com/viewjob?jk=6a7e71e86c32bca2&from=web&vjs=3
Associate Solutions Architect – Early Career 2022 (US),"Amazon Web Services, Inc.","Herndon, VA+126 locations",https://www.indeed.com/viewjob?jk=3905541e1957ec4a&from=web&vjs=3
Junior Software Developer,Samsung Electronics,"Newberry, SC 29108",https://www.indeed.com/viewjob?jk=d0666b9a2721039a&from=web&vjs=3
Python Developer,Reqsta LLC,"Austin, TX 73301 (St Edwards area)•Temporarily Remote",https://www.indeed.com/viewjob?jk=31e4e495ffcbccf3&from=web&vjs=3
Autonomy - Tesla Bot,Tesla,"Palo Alto, CA",https://www.indeed.com/viewjob?jk=202b3540ce94cdba&from=web&vjs=3
Python Developer,Laiba Technologies,"Jersey City, NJ•Remote",https://www.indeed.com/viewjob?jk=b24d45e752120047&from=web&vjs=3
Software Engineer,Google,"Mountain View, CA+18 locations",https://www.indeed.com/viewjob?jk=24e2911d8256b2b4&from=web&vjs=3
Trading Analyst,ExxonMobil,"Houston, TX",https://www.indeed.com/viewjob?jk=f4b604d445bcbd62&from=web&vjs=3
Test Automation Engineer,Flipped.ai,"San Francisco, CA•Remote",https://www.indeed.com/viewjob?jk=ebc6fa6ecb1a4f98&from=web&vjs=3
Python Developer,"Corporate Systems Associates, Inc.",Remote,https://www.indeed.com/viewjob?jk=9eb36da3d67912c1&from=web&vjs=3
Data Engineer,OxWorks,Remote,https://www.indeed.com/viewjob?jk=97f14d9cccc5a5ea&from=web&vjs=3
Machine Learning Engineer,Double River Investments Limited,Remote,https://www.indeed.com/viewjob?jk=bb1cf2320fd7fc69&from=web&vjs=3
Data Analytics and Visualization Bootcamp Instructor,"New York City College of Technology CUNY,...","New York, NY",https://www.indeed.com/viewjob?jk=fbc9c61090f29b5d&from=web&vjs=3
AMM Quantitative Researcher,Morgan Stanley,"New York, NY+2 locations",https://www.indeed.com/viewjob?jk=e13b7542a2dc03a3&from=web&vjs=3
Sr. Python Developer,Aptonet Inc,"New York, NY+9 locations•Remote",https://www.indeed.com/viewjob?jk=1056004894f7dd4b&from=web&vjs=3
GIS Technician,TriMet,"Portland, OR•Remote",https://www.indeed.com/viewjob?jk=eee627571bdfc358&from=web&vjs=3
Sr. Python Engineer,Piper Companies,North Carolina+1 location•Remote,https://www.indeed.com/viewjob?jk=55f9edfb663622c9&from=web&vjs=3
Software Developer – Entry Level,Grant Street Group,Remote,https://www.indeed.com/viewjob?jk=f2cd3d393311a9b5&from=web&vjs=3
Software Engineer,Ancestry,"San Francisco, CA 94107 (Mission Bay area)+2 locations",https://www.indeed.com/viewjob?jk=6a2e851446da7617&from=web&vjs=3
"HR Business Analyst, GCF Central Operations PXT Organization",Amazon.com Services LLC,+76 locationsRemote,https://www.indeed.com/viewjob?jk=4f73c41ae09158bb&from=web&vjs=3
Content Writer,Six Feet Up Inc.,"Fishers, IN•Remote",https://www.indeed.com/viewjob?jk=691f751ee7f5d5f6&from=web&vjs=3
Tech Support Engineer,S&B Consulting Group,Remote,https://www.indeed.com/viewjob?jk=c6ca8688d172f948&from=web&vjs=3
Data Fellow - Remote - US,McClatchy,+1 locationRemote,https://www.indeed.com/viewjob?jk=5780b7b923b7dbf1&from=web&vjs=3
Marine Spatial Scientist,"CSS, Inc.",Remote,https://www.indeed.com/viewjob?jk=9aed520e397feaa8&from=web&vjs=3
Python Developer,Formac Inc,"Austin, TX+1 location",https://www.indeed.com/viewjob?jk=3881866cb45b3204&from=web&vjs=3
Support Opportunities,RStudio,"Seattle, WA•Remote",https://www.indeed.com/viewjob?jk=2c26339484d5141f&from=web&vjs=3
Junior Data Analyst,CCS Global Tech,"San Francisco, CA+2 locations•Temporarily Remote",https://www.indeed.com/viewjob?jk=b39d7c5c90a3a615&from=web&vjs=3
AMTS Software Engineer,Salesforce,"Palo Alto, CA 94301 (Downtown North area)+108 locations",https://www.indeed.com/viewjob?jk=18dbacbfe6202305&from=web&vjs=3
Data Scientist,CBL Solutions,"Dallas, TX+1 location•Remote",https://www.indeed.com/viewjob?jk=ab5a4bfe890227a9&from=web&vjs=3
Machine Learning Data Scientist - Remote,TensorIoT Inc,Remote,https://www.indeed.com/viewjob?jk=8cd755b9b28b2d0e&from=web&vjs=3
Python Software Developer R14910,Applied Research Laboratories,"Austin, TX 78758 (North Burnet area)",https://www.indeed.com/viewjob?jk=994a2fb66bf7173a&from=web&vjs=3
Software Support Engineer,LumApps,+1 locationRemote,https://www.indeed.com/viewjob?jk=1aa705b8f4cee2e5&from=web&vjs=3
Optical Hardware Engineer,Google,"Mountain View, CA+3 locations",https://www.indeed.com/viewjob?jk=f2c0a76e72cd7da1&from=web&vjs=3
Coding teacher for Scratch and Python,YoumeCan Education Center,+1 locationRemote,https://www.indeed.com/viewjob?jk=f989f97e25b3d441&from=web&vjs=3
Optical Hardware Engineer,Google,"Mountain View, CA+3 locations",https://www.indeed.com/viewjob?jk=f2c0a76e72cd7da1&from=web&vjs=3
Coding teacher for Scratch and Python,YoumeCan Education Center,+1 locationRemote,https://www.indeed.com/viewjob?jk=f989f97e25b3d441&from=web&vjs=3
Developer,Arena X,"Los Angeles, CA",https://www.indeed.com/viewjob?jk=f6be47adfaf67d98&from=web&vjs=3
Backend Python Engineer,Phooton,"Dallas, TX•Temporarily Remote",https://www.indeed.com/viewjob?jk=a161bbab8e41382c&from=web&vjs=3
Data Engineer,Boston Pioneer Solutions,Remote,https://www.indeed.com/viewjob?jk=fe13447fdd3eaa12&from=web&vjs=3
Trainee Data Engineer (id 310),ІнтерЛогіка,Idaho,https://www.indeed.com/viewjob?jk=6fee47812566c673&from=web&vjs=3
Python Software Engineer,Paychex Inc.,"Rochester, NY 14623",https://www.indeed.com/viewjob?jk=77c60ac6046ec6c7&from=web&vjs=3
Python developer - REMOTE ROLE,Maxisit,Remote,https://www.indeed.com/viewjob?jk=b6ba473709fa42f5&from=web&vjs=3
Junior Backend Engineer,Uplinq,"Scottsdale, AZ 85257 (South Scottsdale area)+1 location•Remote",https://www.indeed.com/viewjob?jk=4a2ef332d4b78a88&from=web&vjs=3
Data Science Trainee,Booz Allen Hamilton,"Arlington, VA+72 locations",https://www.indeed.com/viewjob?jk=3999c3b140c76785&from=web&vjs=3
Python Developer,Paktolus,Remote,https://www.indeed.com/viewjob?jk=df1cce3cc988f374&from=web&vjs=3
Sustainable Finance Climate Change Analyst,Morgan Stanley,"New York, NY",https://www.indeed.com/viewjob?jk=3cd79c575b604901&from=web&vjs=3
Python Software Engineering Prep Teaching Assistant (Part-Ti...,Hackbright Academy,"San Francisco, CA+4 locations",https://www.indeed.com/viewjob?jk=b5b597abe3ce6c4c&from=web&vjs=3
Software Engineer,George Fox University - Staff and Administrator,"Newberg, OR 97132",https://www.indeed.com/viewjob?jk=77eab78b0f7e90b4&from=web&vjs=3
Software Development Engineer in Test ( Python ) - REMOTE US...,Mandiant,"New York, NY 10018 (Garment District area)+4 locations•Remote",https://www.indeed.com/viewjob?jk=f91101e84f05d41f&from=web&vjs=3
"Data Scientist, Creator Business Analysis",Spotify,"New York, NY+5 locations•Remote",https://www.indeed.com/viewjob?jk=70ef1523d078ed1d&from=web&vjs=3
Researcher,Nissan,"Silicon Valley, CA",https://www.indeed.com/viewjob?jk=1864f344a860080b&from=web&vjs=3
Model Risk (Risk Management),Morgan Stanley,"New York, NY+9 locations",https://www.indeed.com/viewjob?jk=38d04fed49eae8a5&from=web&vjs=3
Platform Infrastructure Engineer,Olo,"New York, NY 10012 (NoHo area)•Remote",https://www.indeed.com/viewjob?jk=c9d65a4995638c67&from=web&vjs=3
Next Gen Stats Analyst,National Football League,"Culver City, CA 90232",https://www.indeed.com/viewjob?jk=d3680957c17c91fc&from=web&vjs=3
Python Developer,WorkCog,"New York, NY+5 locations•Remote",https://www.indeed.com/viewjob?jk=36ee007222043432&from=web&vjs=3
Python Developer,Emonics LLC,"New York, NY+8 locations",https://www.indeed.com/viewjob?jk=b462e36768457437&from=web&vjs=3
"FT Software Engineer (Remote – Python, DJango/Flask, REST AP...",5Gen Sol,"New York, NY 11223 (Gravesend area)•Remote",https://www.indeed.com/viewjob?jk=beab2355d9fe4eb5&from=web&vjs=3
"Opportunities Analyst, YouTube",YouTube,"New York, NY",https://www.indeed.com/viewjob?jk=5c009893824fdca2&from=web&vjs=3
Python Developer_ W2 only,ANB Sourcing LLC,"Pittsburgh, PA+1 location•Remote",https://www.indeed.com/viewjob?jk=6c015d5a5dfee971&from=web&vjs=3
Software Developer,Gridiron IT,+1 locationRemote,https://www.indeed.com/viewjob?jk=452069ed6f681031&from=web&vjs=3
Data Scientist,Freemind solutions,"Raleigh, NC",https://www.indeed.com/viewjob?jk=251f7c3e5e214561&from=web&vjs=3
"Mobile Software Engineer, University Graduate - 2022 Start",TikTok,"Seattle, WA+2 locations",https://www.indeed.com/viewjob?jk=98a8935aed6b8053&from=web&vjs=3
"Backend Engineer, Developer Experience",Spotify,"New York, NY+2 locations•Remote",https://www.indeed.com/viewjob?jk=f71b43b226ad8466&from=web&vjs=3
"Associate Director, Analytics (Remote)",WorkReduce,"New York, NY•Remote",https://www.indeed.com/viewjob?jk=7e7b5e843417af7a&from=web&vjs=3
Python Developer,Amaze Systems Inc,"Seattle, WA 98107 (Ballard area)•Temporarily Remote",https://www.indeed.com/viewjob?jk=5ef2f701d1da628c&from=web&vjs=3
Senior Python Developer,JetRock Analytics,Remote,https://www.indeed.com/viewjob?jk=1b6cb6ed21902f00&from=web&vjs=3
Mechatronics Engineer,Squishy Robotics,"Berkeley, CA 94710",https://www.indeed.com/viewjob?jk=e01d48e9fe8b8608&from=web&vjs=3
Entry Level Software Engineer,BeaconFire Solution,Remote,https://www.indeed.com/viewjob?jk=4eaf29f8a1f5fce4&from=web&vjs=3
Entry-Level Software Firmware Developer,Futurex,"Bulverde, TX",https://www.indeed.com/viewjob?jk=014325d13e4dff94&from=web&vjs=3
Software Engineering MTS,Tableau,"Kirkland, WA 98033 (Moss Bay area)+11 locations",https://www.indeed.com/viewjob?jk=fd4dffb64cea9037&from=web&vjs=3
Data Developer,Summit Racing Equipment,Ohio•Remote,https://www.indeed.com/viewjob?jk=d92058a59cb73513&from=web&vjs=3
"Staff Software Engineer ( Go/Golang , Python ) - REMOTE USA",Mandiant,"New York, NY 10018 (Garment District area)+20 locations•Remote",https://www.indeed.com/viewjob?jk=8512daafef940c3d&from=web&vjs=3
New Graduate Software Engineer (San Francisco),"Discovery, Inc.","San Francisco, CA 94105 (Financial District/South Beach area)+1 location",https://www.indeed.com/viewjob?jk=70f18db1edbb4d87&from=web&vjs=3
Economic Research Assistant,Haver Analytics,"New York, NY•Temporarily Remote",https://www.indeed.com/viewjob?jk=43f54f4cf1b69a95&from=web&vjs=3
TCAD Engineer - SK,Intel,"Santa Clara, CA 95054+23 locations",https://www.indeed.com/viewjob?jk=69c15fd3a098464d&from=web&vjs=3
Python Developer,Springhead Technologies,Remote,https://www.indeed.com/viewjob?jk=6213fd077a59ea1f&from=web&vjs=3
"Data Analyst, Compliance Education and Awareness",Google,"San Francisco, CA+1 location",https://www.indeed.com/viewjob?jk=b52e0ea7578facbf&from=web&vjs=3
Data Scientist,Waystar,"Salt Lake City, UT+1 location",https://www.indeed.com/viewjob?jk=6c3a821e8afaf784&from=web&vjs=3
Artificial Intelligence,Osair Technologies,"Connecticut River State Wildlife Area, CT•Temporarily Remote",https://www.indeed.com/viewjob?jk=cd61ca262ccdb166&from=web&vjs=3
Level Designer,Activision,"Carlsbad, CA",https://www.indeed.com/viewjob?jk=0b2ae0c35b2c8686&from=web&vjs=3
Python Bigdata Developer,Keasis .inc,"Irving, TX•Temporarily Remote",https://www.indeed.com/viewjob?jk=779e37e9fe89569b&from=web&vjs=3
"Associate, YouTube",YouTube,"New York, NY",https://www.indeed.com/viewjob?jk=a19d5d6e71bffeee&from=web&vjs=3
Business Analyst,"GridX,Inc.",Remote,https://www.indeed.com/viewjob?jk=3cf345a71fea26d6&from=web&vjs=3
Python Developer,Modern Agile Technologies,"Dallas, TX•Remote",https://www.indeed.com/viewjob?jk=3c38b9ea79ec99ce&from=web&vjs=3
Python Web Developer,"Adapt2 Solutions, Inc.","Houston, TX 77024 (Memorial area)",https://www.indeed.com/viewjob?jk=312bff4492bd6468&from=web&vjs=3
Test Engineer - Tesla Bot,Tesla,"Austin, TX+10 locations",https://www.indeed.com/viewjob?jk=65845fc0b2cf0765&from=web&vjs=3
Research Associate,Rangam Consultants Inc.,"Beaverton, OR 97005 (Central Beaverton area)",https://www.indeed.com/viewjob?jk=a15963203adab596&from=web&vjs=3
Python Developer,IT Alliances Inc,Remote,https://www.indeed.com/viewjob?jk=6194c1f1e47e9506&from=web&vjs=3
Entry Level Software Developer,Proximate Technologies Inc.,"Houston, TX",https://www.indeed.com/viewjob?jk=96aaf3ed08617d6e&from=web&vjs=3
Python Application Developer REMOTE AVAILABLE,Vanderbilt University Medical Center,"Nashville, TN 37203 (Vanderbilt Area area)•Remote",https://www.indeed.com/viewjob?jk=64af50dcfb24350e&from=web&vjs=3
Python Developer with Automation Testing Experience,PROLIM GLOBAL CORPORATION,"San Ramon, CA•Temporarily Remote",https://www.indeed.com/viewjob?jk=85e68388c84ba7c9&from=web&vjs=3
Database Administrator,Smeed CPA,"Boston, MA",https://www.indeed.com/viewjob?jk=e0baa78f6604ccd4&from=web&vjs=3
Systems Administrator (Remote),CrowdStrike,United States•Remote,https://www.indeed.com/viewjob?jk=2741f9527331cb53&from=web&vjs=3
Software Development Engineer,Zilliz,"San Francisco, CA•Temporarily Remote",https://www.indeed.com/viewjob?jk=3f8fb55693cb8855&from=web&vjs=3
Application Developer,GC Systems,"Oakley, CA 94561",https://www.indeed.com/viewjob?jk=275e769aaac46ebb&from=web&vjs=3
Python/SQL Data Analyst (#2218),apLumina For Disney,"New York, NY•Remote",https://www.indeed.com/viewjob?jk=28dfa34aa58664a2&from=web&vjs=3
Entry Level Software Engineer,Heartdub,"Bellevue, WA 98005 (Eastgate area)",https://www.indeed.com/viewjob?jk=0520d332e49823ad&from=web&vjs=3
"Research Scientist, Demography and Survey Science - Universi...",Facebook App,"Menlo Park, CA+126 locations",https://www.indeed.com/viewjob?jk=94add5091758f5bd&from=web&vjs=3
Windows Systems Engineer,Facebook App,"Fremont, CA+13 locations",https://www.indeed.com/viewjob?jk=a2d5269ba1210ed5&from=web&vjs=3
Lead Python Engineer,S&P Global,"Abercrombie, ND 58001+38 locations•Remote",https://www.indeed.com/viewjob?jk=f6294b6c85e1cb47&from=web&vjs=3
Fraud Analyst,CANDY,New York State•Remote,https://www.indeed.com/viewjob?jk=8e499358d9264f67&from=web&vjs=3
Junior Software Developer,Snapcell Inc,Remote,https://www.indeed.com/viewjob?jk=fc9daaf3c9650eb4&from=web&vjs=3
Python Developer,Highbrow-Tech,+2 locationsRemote,https://www.indeed.com/viewjob?jk=cb7d5b960834efbf&from=web&vjs=3
Data Analyst,Cianbro,Maine,https://www.indeed.com/viewjob?jk=87cc7c842efc1d4e&from=web&vjs=3
Data Analytics,Pentalog,"New York, NY•Remote",https://www.indeed.com/viewjob?jk=51dcf7e1da5fe7ac&from=web&vjs=3
AI Coding Teacher for Children,AiGoLearning,Remote,https://www.indeed.com/viewjob?jk=5b0956aea04622c1&from=web&vjs=3
Undergrad New College Grad - Technology - Multiple Locations...,Visa,"Foster City, CA+11 locations",https://www.indeed.com/viewjob?jk=f72e899744dcfe42&from=web&vjs=3
Sr. Python Developer,Full Cycle Services,+1 locationRemote,https://www.indeed.com/viewjob?jk=2d84cba2be253313&from=web&vjs=3
Machine Learning Engineer(Python Machine Learning),American Unit,"San Antonio, TX•Remote",https://www.indeed.com/viewjob?jk=4e8a233953c6e49e&from=web&vjs=3
Python Developer,Apolis,"Chicago, IL•Remote",https://www.indeed.com/viewjob?jk=2f8b230ee4692b2d&from=web&vjs=3
Junior Data Engineer,Thinknum,"New York, NY 10017 (Midtown area)+1 location•Remote",https://www.indeed.com/viewjob?jk=ae78c4852870d299&from=web&vjs=3
JAMF Engineer - Remote,Turner Techtronics Inc,"Burbank, CA•Remote",https://www.indeed.com/viewjob?jk=e32693f70850e0fa&from=web&vjs=3
Junior Data Engineer,Centrifuge LLC,"Washington, DC+1 location•Temporarily Remote",https://www.indeed.com/viewjob?jk=5846570b2e8a0641&from=web&vjs=3
Data Scientist,"Amazon Web Services, Inc.","Seattle, WA+19 locations",https://www.indeed.com/viewjob?jk=7af3ba407830f128&from=web&vjs=3
Support Engineer,DeepSurface Security,"Portland, OR•Remote",https://www.indeed.com/viewjob?jk=44653cd4f30a1b46&from=web&vjs=3
Python Automation Engineer,HCL America Inc,"Mountain View, CA+1 location•Temporarily Remote",https://www.indeed.com/viewjob?jk=db7efaa637e0b681&from=web&vjs=3
Python Developer,Amiga Informatics,"Dallas, TX+1 location",https://www.indeed.com/viewjob?jk=7c1a7b952a72edb7&from=web&vjs=3
Cyber Security Analyst - Remote Team,Fifth Third Bank,Remote,https://www.indeed.com/viewjob?jk=8f0bde18dbca096e&from=web&vjs=3
Python Developer,"Blue Space Technologies, Inc","Houston, TX",https://www.indeed.com/viewjob?jk=578d2fa9a6ef6a2e&from=web&vjs=3
Program Analyst (Data Analytics),US Environmental Protection Agency,"San Francisco, CA",https://www.indeed.com/viewjob?jk=808ab5d9e653eb2b&from=web&vjs=3
Front End Developer,Glencoe Software,Remote,https://www.indeed.com/viewjob?jk=a6388e5ab837f6f6&from=web&vjs=3
Quantitative Equities Analyst,"JPMorgan Chase Bank, N.A.","New York, NY",https://www.indeed.com/viewjob?jk=6d46cc075d075b9f&from=web&vjs=3
JavaScript / Python Developer,ICF,"Fairfax, VA 22031•Remote",https://www.indeed.com/viewjob?jk=587cc4d2228876c3&from=web&vjs=3
Backend Developer,Tiqets,"Rome, OR",https://www.indeed.com/viewjob?jk=7120a21252be41d8&from=web&vjs=3
Machine Learning Engineer,Dataworks,"New York, NY+1 location•Remote",https://www.indeed.com/viewjob?jk=952dc066e82c1fa7&from=web&vjs=3
Freelance Tutor --Coding(remote/part-time),AirClass,"San Francisco, CA•Remote",https://www.indeed.com/viewjob?jk=36f0597a17c6d735&from=web&vjs=3
Software Engineer I/II,Microsoft,"Mountain View, CA 94043+83 locations",https://www.indeed.com/viewjob?jk=061af954aa045263&from=web&vjs=3
Python Developer,Fisec Gobal,"San Jose, CA•Temporarily Remote",https://www.indeed.com/viewjob?jk=d510221136917391&from=web&vjs=3
Python Engineer,Epik Solutions,"Seattle, WA•Temporarily Remote",https://www.indeed.com/viewjob?jk=faa7ba74aaf9083a&from=web&vjs=3
"Software Developer (Go, Python, C#, or Rust)","Chameleon Consulting Group, LLC",Remote,https://www.indeed.com/viewjob?jk=0dafbc3291a4f4d9&from=web&vjs=3
Data Scientist,"ACM Analytics, LLP",Remote,https://www.indeed.com/viewjob?jk=2a7ba3c13e053828&from=web&vjs=3
Software Engineer,Intel,"Folsom, CA 95630+38 locations",https://www.indeed.com/viewjob?jk=8123dd43245cfc63&from=web&vjs=3
Machine Learning Engineer,Earable,"Boulder, CO 80302 (Grant area)",https://www.indeed.com/viewjob?jk=12c86308d2e5681f&from=web&vjs=3
Penetration Testing Trainee,BreachLock,Florida•Remote,https://www.indeed.com/viewjob?jk=487b30db63184515&from=web&vjs=3
